﻿{
    "context":  {
                    "apiVersion":  "2.3.6",
                    "slot":  364882207
                },
    "value":  {
                  "data":  {
                               "parsed":  {
                                              "info":  {
                                                           "decimals":  0,
                                                           "freezeAuthority":  null,
                                                           "isInitialized":  true,
                                                           "mintAuthority":  null,
                                                           "supply":  "1000"
                                                       },
                                              "type":  "mint"
                                          },
                               "program":  "spl-token",
                               "space":  82
                           },
                  "executable":  false,
                  "lamports":  1461600,
                  "owner":  "TokenkegQfeZyiNwAJbNbGKPFXCWuBvf9Ss623VQ5DA",
                  "rentEpoch":  18446744073709551615,
                  "space":  82
              }
}
